timestamp,latitude,longitude,speed(m/s)
1577218712,-27.71783995,-51.0988767,0.10140178
1577218713,-27.71784016,-51.09887666,0.056577712
1577218714,-27.71784005,-51.09887629,0.033049334
1577218716,-27.71783921,-51.0988728,0.014422788
1577218717,-27.71783981,-51.09887445,0.022567842
1577218719,-27.71784034,-51.09887182,0.012744946
1577218720,-27.71784081,-51.09887078,0.009266041
1577218721,-27.71784066,-51.09886943,0.007163984
1577218723,-27.71784116,-51.09886629,0.005575264
1577218724,-27.71784124,-51.09886622,0.003451408
1577218726,-27.71784254,-51.09886492,0.005236584
1577218727,-27.71784245,-51.09886502,0.004776117
1577218729,-27.71784342,-51.09886471,0.016679863
1577218730,-27.7178431,-51.09886508,0.010623721
1577218731,-27.71784344,-51.09886482,0.00645793
1577218732,-27.7178437,-51.09886451,0.00384772
1577218733,-27.71784392,-51.09886464,0.003402715
1577218734,-27.71784389,-51.09886486,0.003064654
1577218735,-27.71784387,-51.09886456,0.005290777
1577218736,-27.71784396,-51.09886501,0.00680291
1577218737,-27.71784416,-51.0988638,0.006504585
1577218738,-27.71784455,-51.09886256,0.006575307
1577218739,-27.71784453,-51.09886188,0.007208326
1577218740,-27.71784457,-51.09886172,0.005444904
1577218741,-27.71784442,-51.09886177,0.007071925
1577218743,-27.71784445,-51.09886113,0.00617921
1577218744,-27.71784425,-51.09886074,0.005661708
1577218746,-27.71784416,-51.09886012,0.006693967
1577218747,-27.71784413,-51.09886048,0.007275528
1577218748,-27.71784412,-51.09886076,0.005012856
1577218750,-27.71784402,-51.09886067,0.006160361
1577218751,-27.71784386,-51.09886066,0.005289958
1577218753,-27.71784322,-51.09886048,0.007246581
1577218754,-27.71784297,-51.09886084,0.005336182
1577218756,-27.71784301,-51.09886124,0.010138623
1577218757,-27.7178429,-51.09886154,0.006220433
1577218759,-27.71784246,-51.09886257,0.004388425
1577218760,-27.71784226,-51.09886268,0.003743022
1577218762,-27.71784208,-51.09886262,0.00691804
1577218763,-27.71784182,-51.09886308,0.005190951
1577218765,-27.7178414,-51.09886349,0.00773618
1577218766,-27.71784107,-51.09886348,0.007298017
1577218768,-27.71784082,-51.09886398,0.006220039
1577218769,-27.7178407,-51.09886406,0.008256017
1577218771,-27.71784117,-51.09886396,0.027174877
1577218772,-27.71784136,-51.09886403,0.019135956
1577218773,-27.71784158,-51.09886392,0.010930963
1577218775,-27.71784189,-51.09886401,0.008121336
1577218776,-27.71784191,-51.09886407,0.007735534
1577218778,-27.71784209,-51.09886393,0.008312891
1577218779,-27.71784194,-51.09886412,0.006298441
1577218780,-27.71784204,-51.09886415,0.005128986
1577218781,-27.717842,-51.09886428,0.005299833
1577218782,-27.71784189,-51.09886459,0.004812425
1577218783,-27.71784147,-51.09886453,0.004397067
1577218784,-27.71784143,-51.0988647,0.005542196
1577218785,-27.71784124,-51.0988647,0.006763425
1577218786,-27.71784123,-51.0988651,0.006207266
1577218787,-27.71784141,-51.098865,0.005580023
1577218788,-27.71784143,-51.09886483,0.005464532
1577218789,-27.71784119,-51.09886503,0.006021432
1577218790,-27.71784118,-51.09886507,0.004274451
1577218792,-27.71784125,-51.09886498,0.006525377
1577218793,-27.71784122,-51.09886504,0.004392585
1577218795,-27.71784125,-51.09886514,0.008317395
1577218796,-27.71784096,-51.09886534,0.009127741
1577218798,-27.71784102,-51.09886489,0.009430938
1577218799,-27.71784105,-51.09886486,0.006526321
1577218801,-27.71784098,-51.09886513,0.014459572
1577218802,-27.71784097,-51.09886544,0.010425471
1577218803,-27.71784094,-51.09886564,0.007219286
1577218804,-27.71784098,-51.09886572,0.007333229
1577218805,-27.71784083,-51.09886589,0.008160071
1577218806,-27.7178408,-51.09886582,0.006387329
1577218807,-27.71784077,-51.09886578,0.005079954
1577218808,-27.7178408,-51.09886564,0.006101205
1577218809,-27.71784067,-51.09886585,0.005478006
1577218810,-27.7178404,-51.09886586,0.006026279
1577218811,-27.71784017,-51.09886571,0.007732545
1577218812,-27.71784002,-51.09886556,0.0068664
1577218814,-27.71783985,-51.09886511,0.005145509
1577218815,-27.71783997,-51.09886489,0.004211153
1577218817,-27.71784002,-51.09886459,0.005653969
1577218818,-27.71784,-51.09886451,0.005491193
1577218820,-27.71784004,-51.09886427,0.011352835
1577218821,-27.71783997,-51.09886411,0.008324196
1577218822,-27.71784004,-51.09886384,0.006855679
1577218823,-27.71784002,-51.09886354,0.006733132
1577218824,-27.71784003,-51.09886337,0.006166964
1577218825,-27.71783992,-51.09886333,0.011724102
1577218826,-27.71783985,-51.09886312,0.011723407
1577218827,-27.71783995,-51.09886301,0.007896191
1577218828,-27.71783994,-51.09886295,0.006117126
1577218829,-27.71783993,-51.09886269,0.006219313
1577218830,-27.71783978,-51.09886253,0.005998852
1577218831,-27.7178398,-51.09886265,0.007017244
1577218832,-27.71783986,-51.09886292,0.005648708
1577218833,-27.71783989,-51.09886296,0.005503676
1577218834,-27.71783984,-51.09886313,0.003907466
1577218835,-27.71784007,-51.09886324,0.005981363
1577218836,-27.71783998,-51.09886327,0.005312024
1577218837,-27.71783995,-51.09886312,0.005270687
1577218838,-27.71783991,-51.09886319,0.004983252
1577218839,-27.71783982,-51.09886312,0.004379726
1577218840,-27.71783992,-51.09886317,0.004352108
1577218842,-27.71783994,-51.0988635,0.004522821
1577218843,-27.71783978,-51.09886348,0.006214006
1577218845,-27.71783963,-51.09886374,0.004810105
1577218846,-27.71783975,-51.0988638,0.004594749
1577218847,-27.71783973,-51.09886385,0.006266764
1577218848,-27.71783986,-51.09886394,0.005442092
1577218849,-27.71783999,-51.09886403,0.003915556
1577218850,-27.71783997,-51.09886412,0.002525716
1577218851,-27.71783991,-51.09886404,0.006341435
1577218852,-27.71783997,-51.09886409,0.004834306
1577218853,-27.71784011,-51.09886419,0.004201248
1577218854,-27.71784021,-51.09886429,0.003143305
1577218855,-27.71784016,-51.09886414,0.013770038
1577218856,-27.71784026,-51.09886418,0.007771029
1577218858,-27.71784022,-51.0988644,0.006341425
1577218859,-27.71784027,-51.09886452,0.008911841
1577218860,-27.7178403,-51.0988646,0.005026563
1577218862,-27.71784029,-51.09886499,0.011327256
1577218863,-27.71784043,-51.0988651,0.00711017
1577218864,-27.71784053,-51.09886531,0.006699718
1577218866,-27.71784073,-51.09886511,0.008528782
1577218867,-27.71784078,-51.0988651,0.00660783
1577218869,-27.717841,-51.09886519,0.007009689
1577218870,-27.71784113,-51.09886527,0.00461218
1577218871,-27.71784124,-51.09886525,0.007321652
1577218873,-27.71784168,-51.0988657,0.007094103
1577218874,-27.71784163,-51.09886581,0.008172843
1577218875,-27.7178417,-51.09886576,0.007813916
1577218876,-27.71784174,-51.09886591,0.005916247
1577218877,-27.71784171,-51.09886587,0.006305955
1577218879,-27.71784174,-51.09886587,0.007511746
1577218880,-27.71784176,-51.09886595,0.005789588
1577218882,-27.71784169,-51.0988661,0.006732529
1577218883,-27.7178416,-51.0988661,0.005991676
1577218885,-27.71784176,-51.09886589,0.007024892
1577218886,-27.71784169,-51.09886591,0.00479785
1577218888,-27.71784157,-51.09886587,0.008167012
1577218889,-27.71784152,-51.09886576,0.005111691
1577218890,-27.71784158,-51.09886577,0.005123327
1577218892,-27.71783976,-51.09887167,0.29153633
1577218893,-27.71783542,-51.09888299,0.7176349
1577218895,-27.71781048,-51.09891941,1.7937591
1577218896,-27.71778717,-51.09894709,2.4579337
1577218897,-27.71775481,-51.09898489,3.236828
1577218899,-27.71768285,-51.0990671,4.299495
1577218900,-27.71764421,-51.09911266,8.194791
1577218902,-27.71752084,-51.09926333,10.885384
1577218903,-27.71744681,-51.09935054,11.802369
1577218905,-27.71729595,-51.09952053,11.827536
1577218906,-27.71721721,-51.09960889,12.219478
1577218907,-27.71713703,-51.09969959,12.489938
1577218908,-27.7170533,-51.09979334,13.021008
1577218911,-27.71677592,-51.10010286,15.143607
1577218912,-27.71667274,-51.10021514,15.863926
1577218913,-27.71656337,-51.10032975,16.560097
1577218914,-27.71645171,-51.10044298,16.64747
1577218919,-27.71588207,-51.10097978,17.14895
1577218920,-27.71575891,-51.10109038,17.503235
1577218921,-27.71563245,-51.10120233,17.874756
1577218922,-27.71550326,-51.10131732,18.23089
1577218923,-27.71537213,-51.1014336,18.548683
1577218924,-27.71523941,-51.10155184,18.797626
1577218925,-27.71510465,-51.10167084,19.040733
1577218926,-27.71496842,-51.10179128,19.261515
1577218927,-27.71483024,-51.10191298,19.49491
1577218928,-27.71469109,-51.10203716,19.700632
1577218929,-27.71455358,-51.10216071,19.518322
1577218930,-27.71441952,-51.10228273,19.144136
1577218931,-27.71428881,-51.10240592,18.913658
1577218932,-27.71415859,-51.10253365,19.14791
1577218933,-27.7140284,-51.10266738,19.57192
1577218934,-27.71389895,-51.10280826,19.98923
1577218935,-27.71377134,-51.10295686,20.376606
1577218936,-27.71364535,-51.10311354,20.766132
1577218937,-27.71352274,-51.1032769,21.08639
1577218938,-27.71340296,-51.10344696,21.362045
1577218939,-27.71327735,-51.10361517,21.610798
1577218940,-27.71316009,-51.10378901,21.831493
1577218941,-27.71303861,-51.10396363,22.031038
1577218942,-27.71291464,-51.10414646,22.342094
1577218943,-27.71279218,-51.10432875,22.504374
1577218944,-27.71267033,-51.10451367,22.735695
1577218945,-27.71254735,-51.10469988,22.814823
1577218946,-27.71242319,-51.10489106,23.269627
1577218947,-27.71229537,-51.10508081,23.49478
1577218948,-27.71216489,-51.10527259,23.787836
1577218949,-27.71203218,-51.10546735,23.96746
1577218950,-27.71190045,-51.10566188,24.305658
1577218951,-27.71176791,-51.10585751,24.46626
1577218952,-27.71163441,-51.10605552,24.650892
1577218953,-27.7115005,-51.10625508,24.79771
1577218954,-27.71136603,-51.10645469,24.836206
1577218955,-27.71123191,-51.10665384,24.550488
1577218956,-27.71109963,-51.10684679,24.105986
1577218957,-27.71096748,-51.10703592,23.72268
1577218958,-27.7108324,-51.10721591,23.148829
1577218959,-27.71068858,-51.10739468,22.987818
1577218960,-27.71054352,-51.10755532,22.611122
1577218961,-27.71039039,-51.10770412,22.401613
1577218962,-27.71022767,-51.10784013,22.441221
1577218963,-27.71005607,-51.10796566,22.837078
1577218964,-27.70987398,-51.10807553,22.933006
1577218965,-27.70968845,-51.10817223,23.19452
1577218966,-27.70949278,-51.10826393,23.51227
1577218967,-27.70928705,-51.10833886,23.790468
1577218968,-27.70907828,-51.10839712,23.817636
1577218969,-27.70886733,-51.10843901,23.75534
1577218970,-27.70865355,-51.10846475,23.783955
1577218971,-27.70843873,-51.10848235,23.802567
1577218972,-27.70822296,-51.10849404,23.835745
1577218973,-27.70800644,-51.10851375,23.814949
1577218974,-27.70779158,-51.10854023,23.818476
1577218975,-27.70758009,-51.10858146,23.754562
1577218976,-27.70737158,-51.10863636,23.78968
1577218977,-27.70716401,-51.10869577,23.73127
1577218978,-27.70695682,-51.10875496,23.694138
1577218979,-27.70675111,-51.10882459,23.461283
1577218980,-27.7065467,-51.10888792,23.538643
1577218981,-27.70634159,-51.108952,23.601742
1577218982,-27.70613576,-51.10901405,23.761223
1577218983,-27.70592811,-51.10907637,23.869337
1577218984,-27.70572029,-51.1091424,23.953712
1577218985,-27.70551387,-51.10920778,23.95087
1577218986,-27.70530779,-51.10927327,23.809229
1577218987,-27.7051027,-51.10933184,23.559923
1577218988,-27.7048964,-51.10937726,23.35067
1577218989,-27.70468898,-51.10940143,23.119675
1577218990,-27.7044799,-51.1094024,23.165886
1577218991,-27.70426318,-51.10939434,23.775566
1577218992,-27.70404879,-51.10935355,23.821573
1577218993,-27.70383589,-51.10930629,24.110085
1577218994,-27.70362394,-51.10926446,24.121445
1577218995,-27.7034074,-51.10924387,24.086374
1577218996,-27.7031868,-51.10924539,24.331371
1577218997,-27.70296238,-51.10926471,24.841211
1577218998,-27.70273918,-51.10930189,25.028164
1577218999,-27.70251954,-51.1093614,25.07596
1577219000,-27.70230445,-51.10944464,25.018438
1577219001,-27.70209966,-51.10954614,24.84375
1577219002,-27.70190489,-51.1096642,24.625134
1577219003,-27.70171385,-51.10978889,24.831553
1577219004,-27.70153331,-51.10994099,24.956968
1577219005,-27.70136782,-51.11010451,25.364042
1577219006,-27.7012038,-51.11029111,25.476555
1577219007,-27.70104064,-51.11047582,25.585955
1577219008,-27.70086797,-51.11064334,25.53902
1577219009,-27.7006878,-51.11079373,25.474117
1577219010,-27.70049368,-51.11093032,25.452766
1577219011,-27.70028941,-51.11104557,25.433973
1577219012,-27.70007805,-51.1111453,25.421959
1577219013,-27.69985991,-51.11123002,25.373564
1577219014,-27.69963837,-51.11129195,25.205263
1577219015,-27.69941633,-51.11133593,24.978125
1577219016,-27.6991931,-51.11136159,24.88597
1577219017,-27.69896786,-51.11136701,24.927656
1577219018,-27.69874229,-51.11135224,25.023962
1577219019,-27.69851829,-51.11131756,25.047358
1577219020,-27.69829593,-51.111273,25.036474
1577219021,-27.69807527,-51.11121942,25.041964
1577219022,-27.69785404,-51.11116696,25.079254
1577219023,-27.69763054,-51.11110948,25.270601
1577219024,-27.69740648,-51.11105313,25.288774
1577219025,-27.69718158,-51.11100317,25.363703
1577219026,-27.69695661,-51.11096581,25.435883
1577219027,-27.69672872,-51.11094532,25.387753
1577219028,-27.69649847,-51.1109399,25.204044
1577219029,-27.69626847,-51.11095119,25.38255
1577219030,-27.69603943,-51.11098156,25.508295
1577219031,-27.69581179,-51.11103317,25.667856
1577219032,-27.69558422,-51.11109848,25.970556
1577219033,-27.69535536,-51.11116948,26.376568
1577219034,-27.69512527,-51.11124477,26.570883
1577219035,-27.69489402,-51.11132031,26.762102
1577219036,-27.69465739,-51.11139964,26.87448
1577219037,-27.69442564,-51.11147173,26.782885
1577219038,-27.69418905,-51.11154622,26.851126
1577219039,-27.693956,-51.11162099,26.666677
1577219040,-27.6937282,-51.11169525,26.335508
1577219041,-27.69350447,-51.11176875,25.9268
1577219042,-27.69328137,-51.11183955,25.783627
1577219043,-27.69305778,-51.11191435,25.794373
1577219044,-27.69283527,-51.11198692,25.872423
1577219045,-27.69261051,-51.11205979,26.015583
1577219046,-27.69238482,-51.11213586,26.116152
1577219047,-27.69215977,-51.11221173,25.996677
1577219048,-27.69193876,-51.11228804,25.645952
1577219049,-27.69172415,-51.11237459,25.226093
1577219050,-27.69151775,-51.11247845,25.019363
1577219051,-27.6913216,-51.11260358,25.03082
1577219052,-27.69113625,-51.11275146,25.177866
1577219053,-27.6909625,-51.11292201,25.516459
1577219054,-27.69080129,-51.11311052,25.80155
1577219055,-27.69065075,-51.11331371,26.073172
1577219056,-27.69050747,-51.11352852,26.427273
1577219057,-27.69036578,-51.11374786,26.673843
1577219058,-27.69022484,-51.11396631,26.544662
1577219059,-27.69008538,-51.11417901,26.054426
1577219060,-27.6899488,-51.11438707,25.512583
1577219061,-27.68981708,-51.11458633,24.503912
1577219062,-27.68968642,-51.11477388,23.452034
1577219063,-27.68955806,-51.11495553,22.914988
1577219064,-27.68944036,-51.11514077,22.45014
1577219065,-27.68932423,-51.11532254,22.024881
1577219066,-27.68921233,-51.115503,21.679668
1577219067,-27.68911247,-51.11568774,21.333595
1577219068,-27.6890278,-51.11587837,21.039093
1577219069,-27.68895915,-51.11607414,20.694447
1577219070,-27.68890805,-51.11627046,20.101606
1577219071,-27.68886506,-51.11646823,19.4818
1577219072,-27.6888478,-51.1166704,19.694624
1577219073,-27.68884135,-51.11686967,19.501707
1577219074,-27.68884021,-51.11706548,19.34373
1577219075,-27.68884024,-51.11726084,19.176039
1577219076,-27.68884082,-51.11745156,19.028532
1577219077,-27.68883976,-51.11764658,18.966257
1577219078,-27.68883821,-51.11783931,19.013044
1577219079,-27.68883753,-51.11803138,18.91534
1577219080,-27.68883745,-51.11822132,18.707264
1577219081,-27.6888368,-51.11840565,18.158442
1577219082,-27.6888344,-51.11858296,17.624159
1577219083,-27.68883285,-51.11875932,17.480259
1577219084,-27.68883019,-51.11893166,17.045454
1577219085,-27.68882572,-51.11909625,16.160063
1577219086,-27.68882036,-51.11925175,15.263713
1577219087,-27.68881102,-51.1194006,14.768132
1577219088,-27.6887998,-51.11954416,14.176493
1577219089,-27.68878512,-51.11967409,12.876601
1577219090,-27.68876829,-51.11978657,11.18898
1577219091,-27.6887513,-51.11988029,9.474657
1577219092,-27.68873431,-51.1199588,7.969254
1577219093,-27.68871959,-51.12001997,6.2522507
1577219094,-27.68870698,-51.12006616,4.786921
1577219095,-27.68869344,-51.12011161,4.7181973
1577219096,-27.68867969,-51.12016284,5.774466
1577219097,-27.68865906,-51.12022429,6.579766
1577219098,-27.68863495,-51.1202993,7.2049365
1577219099,-27.6886243,-51.12036476,6.4113884
1577219100,-27.68863196,-51.12042042,5.5538287
1577219101,-27.68865572,-51.12046676,5.2336264
1577219102,-27.68868322,-51.12051072,5.137334
1577219103,-27.6887103,-51.12055182,5.177744
1577219104,-27.68873494,-51.12060092,5.6518865
1577219105,-27.68875306,-51.1206626,6.2660823
1577219106,-27.68876555,-51.12072838,6.6658235
1577219107,-27.68877421,-51.12079906,6.948513
1577219108,-27.68878341,-51.12086701,6.866256
1577219109,-27.68879254,-51.12093577,6.8443666
1577219110,-27.68880115,-51.12100519,6.8913155
1577219111,-27.68880877,-51.12107421,6.908236
1577219112,-27.68881673,-51.12114365,6.9534726
1577219113,-27.68882602,-51.12121155,6.8425355
1577219114,-27.68883696,-51.12127868,6.7086296
1577219115,-27.68884918,-51.12134275,6.463988
1577219116,-27.68886204,-51.12140733,6.472409
1577219117,-27.68887431,-51.12147472,6.728951
1577219118,-27.68888664,-51.12154545,7.0464983
1577219119,-27.68890119,-51.1216203,7.5084853
1577219120,-27.68891806,-51.12170109,8.111365
1577219121,-27.68893561,-51.1217824,8.218091
1577219122,-27.68895364,-51.1218658,8.471933
1577219123,-27.68897093,-51.12195467,8.920091
1577219124,-27.68898769,-51.12204762,9.4115
1577219125,-27.68900439,-51.12214182,9.398685
1577219126,-27.68902182,-51.12223691,9.390643
1577219127,-27.68903138,-51.122328,9.42589
1577219128,-27.68903599,-51.12242521,9.410374
1577219129,-27.68904507,-51.12252027,9.207285
1577219130,-27.68905517,-51.1226126,9.0225525
1577219131,-27.68906812,-51.1226997,8.808947
1577219132,-27.68908248,-51.12278725,8.595627
1577219133,-27.68909835,-51.12286863,8.285816
1577219134,-27.68911666,-51.12295433,8.769188
1577219135,-27.68913699,-51.12304114,8.882783
1577219136,-27.68915514,-51.12312849,8.873475
1577219137,-27.6891733,-51.12321814,9.005845
1577219138,-27.68918974,-51.12330904,9.210624
1577219139,-27.68920345,-51.12340538,9.512333
1577219140,-27.68921765,-51.1235019,9.669068
1577219141,-27.68923214,-51.12359656,9.542393
1577219142,-27.68924609,-51.12368948,9.1768055
1577219143,-27.68925979,-51.12377793,8.830961
1577219144,-27.68927404,-51.1238626,8.469097
1577219145,-27.68928792,-51.12394402,8.197446
1577219146,-27.68930167,-51.12402533,8.1760235
1577219147,-27.68931562,-51.12410824,8.335864
1577219148,-27.68932875,-51.12419128,8.405754
1577219149,-27.6893412,-51.12427437,8.266184
1577219150,-27.68935315,-51.12435256,7.8481894
1577219151,-27.68936486,-51.12442336,7.118059
1577219152,-27.6893763,-51.12448507,6.279313
1577219153,-27.68938855,-51.12453715,5.255922
1577219154,-27.68940217,-51.12457438,3.9930487
1577219155,-27.68941852,-51.12459777,2.8506122
1577219156,-27.68943344,-51.12461111,2.0863097
1577219157,-27.68945329,-51.12462136,2.3910258
1577219158,-27.6894872,-51.12462711,3.8177755
1577219159,-27.68952971,-51.12462026,4.707184
1577219160,-27.68958295,-51.12460684,5.9784365
1577219161,-27.68964841,-51.12458884,7.041688
1577219162,-27.68971659,-51.12457036,7.376047
1577219163,-27.68978705,-51.12455506,7.853816
1577219164,-27.68985579,-51.12454156,8.012386
1577219165,-27.68992113,-51.12453004,7.3004775
1577219166,-27.6899744,-51.12452511,6.087272
1577219167,-27.69001737,-51.12452707,4.563409
1577219168,-27.69004717,-51.12453339,3.2894964
1577219169,-27.69006654,-51.12453718,1.3898978
1577219170,-27.69007666,-51.12454447,1.7273101
1577219171,-27.69008544,-51.12456258,2.147507
1577219172,-27.6900998,-51.12459473,3.9968364
1577219173,-27.69010952,-51.12464233,4.3612905
1577219174,-27.69011235,-51.12468785,4.6396337
1577219175,-27.69011512,-51.12473423,4.999229
1577219176,-27.69011694,-51.12479044,5.404078
1577219177,-27.69012077,-51.12484376,5.468344
1577219178,-27.69013387,-51.12489174,4.8601785
1577219179,-27.69014873,-51.12494346,3.4799666
1577219180,-27.69016882,-51.12496299,3.0471473
1577219181,-27.69019224,-51.12498128,3.453144
1577219182,-27.69022392,-51.12500117,4.0822983
1577219183,-27.6902657,-51.12502232,4.8837886
1577219184,-27.69031219,-51.12504427,5.5380106
1577219185,-27.69036089,-51.12506516,5.8601575
1577219186,-27.69040958,-51.12508969,5.9151425
1577219187,-27.69045787,-51.12511272,5.977334
1577219188,-27.69050899,-51.12513452,6.0146523
1577219189,-27.6905599,-51.12515478,5.9611435
1577219190,-27.69060994,-51.1251743,5.899437
1577219191,-27.69066283,-51.12519556,6.18777
1577219192,-27.69071915,-51.12522151,6.671583
1577219193,-27.6907784,-51.12524627,6.9727683
1577219194,-27.69083646,-51.12526943,6.8103733
1577219195,-27.69088937,-51.12529374,6.3301406
1577219196,-27.6909382,-51.12531582,5.8526225
1577219197,-27.69098581,-51.12533691,5.6336546
1577219198,-27.69102914,-51.1253599,5.199288
1577219199,-27.69107013,-51.12538204,4.978215
1577219200,-27.69111178,-51.12540315,5.01447
1577219201,-27.69115534,-51.12542401,5.2235713
1577219202,-27.69120206,-51.12544332,5.517329
1577219203,-27.69125133,-51.125466,5.9084215
1577219204,-27.69130421,-51.12548589,6.1698637
1577219205,-27.69136029,-51.12550436,6.439251
1577219206,-27.69141457,-51.12552412,6.3628674
1577219207,-27.69146287,-51.12554293,5.6861863
1577219208,-27.69150324,-51.12555972,4.7540193
1577219209,-27.69153082,-51.12557018,3.2434387
1577219210,-27.69154769,-51.12557703,1.9866321
1577219211,-27.69156203,-51.12558356,1.6600093
1577219212,-27.69157551,-51.12558938,1.6197581
1577219213,-27.69159126,-51.12559525,1.8432217
1577219214,-27.69161211,-51.12560107,2.392127
1577219215,-27.69163771,-51.12560792,2.901669
1577219216,-27.69166829,-51.12561775,3.5538328
1577219217,-27.69170314,-51.12562868,4.022429
1577219218,-27.69174188,-51.12564263,4.518862
1577219219,-27.69178794,-51.12566404,5.553547
1577219220,-27.6918386,-51.12569073,6.202193
1577219221,-27.6918907,-51.12571862,6.3826003
1577219222,-27.69194079,-51.12574583,6.12845
1577219223,-27.69199065,-51.12576715,5.8794923
1577219224,-27.69204096,-51.12578726,5.9107895
1577219225,-27.69209249,-51.12580802,6.0488997
1577219226,-27.69214557,-51.1258288,6.2325563
1577219227,-27.69219929,-51.12585005,6.284959
1577219228,-27.69225111,-51.12587319,6.149377
1577219229,-27.69230412,-51.12589759,5.3940535
1577219230,-27.69233402,-51.12591624,3.7912402
1577219231,-27.69235445,-51.12592973,2.5660508
1577219232,-27.6923709,-51.12594326,2.2541623
1577219233,-27.69238144,-51.12595783,1.9763273
1577219234,-27.69238851,-51.12597393,1.8087546
1577219235,-27.69239026,-51.12599403,1.9229583
1577219236,-27.69238688,-51.12602389,2.9844124
1577219237,-27.69237642,-51.12606342,4.0908017
1577219238,-27.69236129,-51.1261096,5.056908
1577219239,-27.6923442,-51.12615649,5.0935435
1577219240,-27.69232384,-51.12620584,5.896495
1577219241,-27.6923045,-51.12626424,6.295799
1577219242,-27.69228377,-51.12632721,6.804659
1577219243,-27.69226177,-51.12639576,7.1981654
1577219244,-27.69223965,-51.12646811,7.5934863
1577219245,-27.69221668,-51.1265458,7.764127
1577219246,-27.69219911,-51.12662082,7.7279296
1577219247,-27.69217778,-51.12669534,7.653395
1577219248,-27.69215407,-51.12676645,7.48795
1577219249,-27.69213168,-51.12683693,7.2818995
1577219250,-27.69211021,-51.1269042,6.9691343
1577219251,-27.6920856,-51.12696208,6.342078
1577219252,-27.6920661,-51.1270076,4.999085
1577219253,-27.69205116,-51.12704539,4.02523
1577219254,-27.69203897,-51.12708293,4.00114
1577219255,-27.69202575,-51.12712525,4.470934
1577219256,-27.69200977,-51.1271773,5.456931
1577219257,-27.69199223,-51.12723743,6.2319627
1577219258,-27.69197281,-51.12730188,6.765364
1577219259,-27.69195191,-51.12737022,7.1519322
1577219260,-27.69192949,-51.12744022,7.375417
1577219261,-27.6919095,-51.127507,6.967889
1577219262,-27.69188983,-51.12757134,6.743336
1577219263,-27.6918704,-51.12763674,6.78069
1577219264,-27.69184999,-51.12770174,6.7529097
1577219265,-27.69182944,-51.12776745,6.848665
1577219266,-27.69180929,-51.12783394,7.1440897
1577219267,-27.69178726,-51.12790485,7.295948
1577219268,-27.69176456,-51.12797531,7.46828
1577219269,-27.6917459,-51.12804385,7.165563
1577219270,-27.69172586,-51.12811215,6.9735584
1577219271,-27.69170518,-51.12817486,6.6513443
1577219272,-27.69168606,-51.12822996,5.797363
1577219273,-27.69167017,-51.12827004,4.3612967
1577219274,-27.69165933,-51.12829936,3.3442554
1577219275,-27.69165007,-51.12832237,1.4964347
1577219276,-27.69164737,-51.12833116,0.869755
1577219277,-27.69164655,-51.12833553,0.81331235
1577219278,-27.69164099,-51.12834672,1.8308511
1577219279,-27.69163285,-51.12836541,2.0049622
1577219280,-27.69161934,-51.12838459,2.447193
1577219281,-27.69160202,-51.12840518,2.8090227
1577219282,-27.69157872,-51.12842093,2.9283836
1577219283,-27.69154875,-51.12843705,3.4851563
1577219284,-27.69151742,-51.12845358,3.7777736
1577219285,-27.69148067,-51.12846474,4.1044626
1577219286,-27.69144562,-51.1284755,3.8973236
1577219287,-27.69141025,-51.12848623,4.016648
1577219288,-27.69137052,-51.12850352,4.6087008
1577219289,-27.69132727,-51.12852335,5.124711
1577219290,-27.69127963,-51.1285426,5.632886
1577219291,-27.69122749,-51.1285635,6.0965514
1577219292,-27.69117295,-51.1285847,6.404574
1577219293,-27.69111437,-51.12860736,6.8333154
1577219294,-27.69105693,-51.1286333,6.784313
1577219295,-27.69099726,-51.12865831,6.784113
1577219296,-27.69093965,-51.12868289,6.8194733
1577219297,-27.69088065,-51.12870566,6.806637
1577219298,-27.69082643,-51.12872973,6.4146667
1577219299,-27.69077537,-51.12874959,5.9765153
1577219300,-27.69072872,-51.12876797,5.4246655
1577219301,-27.69068487,-51.12878505,5.166358
1577219302,-27.69064262,-51.12880114,4.915693
1577219303,-27.69060187,-51.12881742,4.8573823
1577219304,-27.69056094,-51.12883675,4.85467
1577219305,-27.6905239,-51.12885155,4.35349
1577219306,-27.69049698,-51.12886225,3.0176191
1577219307,-27.69047783,-51.12886955,2.1587076
1577219308,-27.69045926,-51.12887595,2.076356
1577219309,-27.69043548,-51.12888433,2.7486327
1577219310,-27.69039938,-51.12889711,4.177631
1577219311,-27.69036336,-51.12891144,4.170619
1577219312,-27.6903245,-51.12892704,4.5528355
1577219313,-27.69028043,-51.12894587,5.1897416
1577219314,-27.69023082,-51.12896707,5.8739014
1577219315,-27.69017478,-51.12899031,6.588729
1577219316,-27.69011438,-51.12901469,7.1241207
1577219317,-27.69005253,-51.12903848,7.2467203
1577219318,-27.6899905,-51.12906218,7.2169504
1577219319,-27.68993032,-51.12908533,7.085963
1577219320,-27.68987045,-51.12910865,7.068467
1577219321,-27.6898122,-51.12913199,6.8439517
1577219322,-27.68975611,-51.12915388,6.6021905
1577219323,-27.68970025,-51.12917426,6.5421143
1577219324,-27.68964489,-51.12919519,6.485202
1577219325,-27.68958943,-51.1292161,6.5071363
1577219326,-27.68953551,-51.12923584,6.391133
1577219327,-27.68948163,-51.12925471,6.092296
1577219328,-27.68943249,-51.12927597,5.9393587
1577219329,-27.68938598,-51.12929811,5.585737
1577219330,-27.68934246,-51.1293188,5.2632637
1577219331,-27.68930017,-51.1293361,4.9395447
1577219332,-27.68926307,-51.12935308,4.2421126
1577219333,-27.68923109,-51.12936521,3.9097269
1577219334,-27.68919866,-51.12937801,3.979015
1577219335,-27.6891691,-51.12938956,3.4271662
1577219336,-27.68914695,-51.12939855,2.354952
1577219337,-27.68912504,-51.12940901,2.5939918
1577219338,-27.68909374,-51.12942254,3.6316366
1577219339,-27.68905972,-51.12943732,3.908659
1577219340,-27.68902535,-51.12945398,4.1355834
1577219341,-27.68898643,-51.12947198,4.594965
1577219342,-27.6889409,-51.12949229,5.2999096
1577219343,-27.68889478,-51.1295117,5.646637
1577219344,-27.68884321,-51.12953254,6.204949
1577219345,-27.68878564,-51.12955658,6.7627306
1577219346,-27.68872262,-51.12958021,7.24796
1577219347,-27.68866251,-51.12959826,6.986496
1577219348,-27.68861463,-51.12961825,5.561384
1577219349,-27.68856694,-51.12963218,5.4446855
1577219350,-27.68852366,-51.12964699,5.1060658
1577219351,-27.68848288,-51.12966718,5.0570993
1577219352,-27.68843816,-51.12969057,5.490381
1577219353,-27.68838991,-51.12971561,6.0864034
1577219354,-27.68833771,-51.12973967,6.131655
1577219355,-27.68828535,-51.12976234,6.3145027
1577219356,-27.68823433,-51.12978174,6.1975856
1577219357,-27.6881813,-51.12980036,6.1395197
1577219358,-27.68813044,-51.12981837,5.9642878
1577219359,-27.68808061,-51.1298381,5.8932424
1577219360,-27.68802578,-51.12986151,6.2828894
1577219361,-27.68797211,-51.12988351,6.628256
1577219362,-27.6879172,-51.12990874,6.6855793
1577219363,-27.68785842,-51.12993612,7.086119
1577219364,-27.68779461,-51.12996568,7.5735
1577219365,-27.68773086,-51.12999247,7.5061784
1577219366,-27.68766213,-51.13001905,7.6383553
1577219367,-27.68759536,-51.130046,7.790625
1577219368,-27.68752963,-51.13007489,7.9103546
1577219369,-27.687467,-51.13010294,7.7641735
1577219370,-27.68740535,-51.13012909,7.2262235
1577219371,-27.68734982,-51.130152,6.6163106
1577219372,-27.68729613,-51.13017344,6.214227
1577219373,-27.68724576,-51.13019377,5.769363
1577219374,-27.68720088,-51.13021271,5.311319
1577219375,-27.6871639,-51.13022769,3.7530768
1577219376,-27.68713443,-51.13023913,3.47251
1577219377,-27.68711555,-51.13024771,1.3046321
1577219378,-27.68709972,-51.13025292,1.7218852
1577219379,-27.68708373,-51.13025695,1.9545317
1577219380,-27.68705865,-51.13026554,2.9082866
1577219381,-27.68702855,-51.13027542,3.8045712
1577219382,-27.68699567,-51.13029116,4.0494103
1577219383,-27.68695794,-51.13030959,4.490474
1577219384,-27.68691566,-51.13032995,5.105469
1577219385,-27.6868718,-51.13035021,5.2665496
1577219386,-27.68682376,-51.13037097,5.6667757
1577219387,-27.68677336,-51.13038917,5.8827815
1577219388,-27.68672418,-51.1304067,5.7464476
1577219389,-27.68668,-51.13042386,5.2808013
1577219390,-27.68664034,-51.1304387,4.7699604
1577219391,-27.68660177,-51.13045203,4.571247
1577219392,-27.68656322,-51.13046688,4.4080777
1577219393,-27.68652646,-51.13048403,4.3268685
1577219394,-27.68648919,-51.13050018,4.380157
1577219395,-27.68645089,-51.13051493,4.387317
1577219396,-27.68641353,-51.13053045,4.443686
1577219397,-27.68637515,-51.13054657,4.524164
1577219398,-27.6863382,-51.13056037,4.306537
1577219399,-27.68630357,-51.1305729,3.969852
1577219400,-27.68626947,-51.13058487,3.9411674
1577219401,-27.68623771,-51.1305978,3.7632568
1577219402,-27.68620629,-51.13061113,3.7397254
1577219403,-27.6861745,-51.13062178,3.501383
1577219404,-27.6861446,-51.13063493,3.385314
1577219405,-27.68611316,-51.1306484,3.4265237
1577219406,-27.68608306,-51.13065408,3.1857238
1577219407,-27.6860506,-51.130661,3.495679
1577219408,-27.68601832,-51.13067044,3.660012
1577219409,-27.68598558,-51.13067978,3.426752
1577219410,-27.68595559,-51.13069462,3.6609967
1577219411,-27.68592356,-51.13070825,3.852119
1577219412,-27.68589276,-51.13072024,3.734728
1577219413,-27.68586224,-51.13073398,3.5292077
1577219414,-27.68583289,-51.13074495,3.2705028
1577219415,-27.68580904,-51.13075503,2.715672
1577219416,-27.68579333,-51.13076191,0.88205785
1577219417,-27.68579774,-51.13076128,0.019147916
1577219418,-27.68580138,-51.13075821,0.015370967
1577219419,-27.68580196,-51.13075721,0.035424385
1577219420,-27.68580162,-51.13075602,0.006363508
1577219421,-27.68580105,-51.1307572,0.027525378
1577219422,-27.68579947,-51.13075632,0.06124234
1577219423,-27.68579425,-51.13075844,0.72442746
1577219424,-27.6857803,-51.1307678,1.894396
1577219425,-27.68575854,-51.13079129,3.2157273
1577219426,-27.68574312,-51.13082429,3.576537
1577219427,-27.68573368,-51.13086124,4.2292066
1577219428,-27.68575502,-51.130901,4.633157
1577219429,-27.6857751,-51.13094531,4.5264573
1577219430,-27.68579477,-51.13099057,4.6874595
1577219431,-27.68581842,-51.13104296,5.1123257
1577219432,-27.68584604,-51.13109082,5.287231
1577219433,-27.68588051,-51.13114696,6.016882
1577219434,-27.68591776,-51.13120288,6.262176
1577219435,-27.68595151,-51.13125825,6.600312
1577219436,-27.68598418,-51.1313133,6.440297
1577219437,-27.68601605,-51.13136593,6.2186546
1577219438,-27.68604778,-51.13141806,6.0143857
1577219439,-27.6860802,-51.13146817,6.0627165
1577219440,-27.68611089,-51.13152091,6.176579
1577219441,-27.68613925,-51.13157671,6.2750726
1577219442,-27.68616894,-51.13163439,6.4316616
1577219443,-27.68619896,-51.13168944,6.4687767
1577219444,-27.68623015,-51.13174549,6.504093
1577219445,-27.6862623,-51.13179984,6.516178
1577219446,-27.68629537,-51.13185392,6.4887633
1577219447,-27.68632636,-51.1319069,6.3070054
1577219448,-27.68635547,-51.13195955,6.2526045
1577219449,-27.68638541,-51.13201321,6.228379
1577219450,-27.68641535,-51.13206617,6.30569
1577219451,-27.6864458,-51.13212097,6.371227
1577219452,-27.68647581,-51.13217653,6.436669
1577219453,-27.68650561,-51.13223235,6.389319
1577219454,-27.68653436,-51.13228805,6.286527
1577219455,-27.68656187,-51.13234055,5.9981375
1577219456,-27.68658869,-51.13239352,5.971087
1577219457,-27.6866152,-51.13244344,5.758399
1577219458,-27.68664028,-51.1324946,5.7136855
1577219459,-27.68666375,-51.132545,5.579061
1577219460,-27.6866876,-51.13259294,5.3544264
1577219461,-27.6867174,-51.13263767,5.503457
1577219462,-27.68675782,-51.13267279,5.6730022
1577219463,-27.68680609,-51.13269037,5.5987077
1577219464,-27.68685726,-51.13269093,5.6384373
1577219465,-27.68690548,-51.13267453,5.52404
1577219466,-27.68694914,-51.13264529,5.553598
1577219467,-27.68699044,-51.13261117,5.642414
1577219468,-27.68703244,-51.13257766,5.687708
1577219469,-27.68707651,-51.13254609,5.776244
1577219470,-27.68712406,-51.1325182,5.9194508
1577219471,-27.68717017,-51.13248911,5.796901
1577219472,-27.6872109,-51.13245995,5.3459644
1577219473,-27.68724257,-51.13243666,4.160735
1577219474,-27.6872657,-51.13242021,3.0235028
1577219475,-27.68728635,-51.1324046,2.722595
1577219476,-27.6873073,-51.13238984,2.67827
1577219477,-27.68733221,-51.13237386,3.1484706
1577219478,-27.68736204,-51.132357,3.6671906
1577219479,-27.68739418,-51.13233938,3.9392881
1577219480,-27.68742697,-51.13231873,4.117151
1577219481,-27.68745993,-51.13229556,4.330888
1577219482,-27.68749399,-51.13227296,4.34257
1577219483,-27.68752907,-51.13225363,4.3034587
1577219484,-27.68756793,-51.1322443,4.4016843
1577219485,-27.6876088,-51.13224764,4.508842
1577219486,-27.68764921,-51.1322576,4.555049
1577219487,-27.68769241,-51.1322663,4.5529337
1577219488,-27.68773862,-51.13226189,5.0362973
1577219489,-27.687787,-51.1322453,5.538389
1577219490,-27.68783785,-51.13222825,6.0044208
1577219491,-27.68788612,-51.13219877,6.101599
1577219492,-27.68793625,-51.13216416,6.392105
1577219493,-27.68798826,-51.13212758,6.622565
1577219494,-27.68804144,-51.13208506,7.021479
1577219495,-27.68809329,-51.1320401,7.195556
1577219496,-27.68814054,-51.13199887,6.7522864
1577219497,-27.68818788,-51.13195645,6.83764
1577219498,-27.68823935,-51.13190903,7.387431
1577219499,-27.68829521,-51.13185468,7.894301
1577219500,-27.68835115,-51.13179993,8.170998
1577219501,-27.6884071,-51.13174344,8.191853
1577219502,-27.68846024,-51.1316851,8.197736
1577219503,-27.68851411,-51.13162728,8.231115
1577219504,-27.68856653,-51.13157075,7.9690413
1577219505,-27.68861808,-51.1315171,7.773292
1577219506,-27.68866647,-51.13146924,7.0271506
1577219507,-27.68870562,-51.13143852,5.4227676
1577219508,-27.68874019,-51.13141225,4.679795
1577219509,-27.6887775,-51.13138411,5.033819
1577219510,-27.68881587,-51.13134905,5.428154
1577219511,-27.68885183,-51.13130547,5.78903
1577219512,-27.68889126,-51.13125882,6.371812
1577219513,-27.68893669,-51.13121252,6.785144
1577219514,-27.68898049,-51.13117318,6.2527947
1577219515,-27.68902093,-51.13114002,5.5640836
1577219516,-27.68906326,-51.13110815,5.7334995
1577219517,-27.68910825,-51.13107479,6.0884233
1577219518,-27.68915723,-51.13103866,6.4982924
1577219519,-27.68920792,-51.13099928,6.8167033
1577219520,-27.68926089,-51.13095805,7.160938
1577219521,-27.68931898,-51.13091171,7.721309
1577219522,-27.68937347,-51.13086428,7.585087
1577219523,-27.68942774,-51.13081881,7.6903605
1577219524,-27.68948167,-51.1307767,7.388989
1577219525,-27.68953168,-51.13073851,6.8445377
1577219526,-27.68957748,-51.13069707,6.479211
1577219527,-27.68961872,-51.13065474,6.1093073
1577219528,-27.68965961,-51.13061224,6.0247803
1577219529,-27.68970039,-51.13057195,6.0214252
1577219530,-27.68974174,-51.13053572,5.9086304
1577219531,-27.68978091,-51.13050221,5.4375134
1577219532,-27.68981755,-51.13047239,4.983511
1577219533,-27.68984538,-51.13045085,3.591069
1577219534,-27.68986879,-51.13043642,2.753179
1577219535,-27.68988546,-51.13042616,2.0555847
1577219536,-27.68990598,-51.13041482,2.5216215
1577219537,-27.68993661,-51.13039941,3.740979
1577219538,-27.6899724,-51.13038182,4.2624683
1577219539,-27.69001323,-51.13036175,4.9173584
1577219540,-27.69006021,-51.13033847,5.6642475
1577219541,-27.69011068,-51.13031402,6.063738
1577219542,-27.6901618,-51.13028741,6.2797112
1577219543,-27.69021378,-51.13025406,6.6262403
1577219544,-27.69027038,-51.13021901,7.182544
1577219545,-27.69033211,-51.13018579,7.579832
1577219546,-27.69039362,-51.13015406,7.5471573
1577219547,-27.6904537,-51.13012212,7.403812
1577219548,-27.69051249,-51.13008968,7.271007
1577219549,-27.69057094,-51.13005746,7.2590356
1577219550,-27.69063254,-51.13002397,7.6100845
1577219551,-27.6906961,-51.1299892,7.8394895
1577219552,-27.69075976,-51.12995646,7.7788744
1577219553,-27.69082,-51.12992699,7.304716
1577219554,-27.69087406,-51.12989838,6.6189446
1577219555,-27.69091864,-51.12987243,5.583399
1577219556,-27.69095181,-51.12983944,4.9354134
1577219557,-27.69097118,-51.12979677,4.728569
1577219558,-27.69097731,-51.12974484,5.129615
1577219559,-27.69096602,-51.12968823,5.6874504
1577219560,-27.69094541,-51.12962975,6.1774254
1577219561,-27.69092258,-51.1295648,6.898927
1577219562,-27.69089769,-51.12949409,7.484192
1577219563,-27.690873,-51.12941847,7.9068217
1577219564,-27.69085097,-51.12934229,7.886093
1577219565,-27.69082671,-51.12927005,7.5990124
1577219566,-27.6908026,-51.1291988,7.478524
1577219567,-27.69077893,-51.12912842,7.3839536
1577219568,-27.69075619,-51.12906345,6.8439436
1577219569,-27.69073637,-51.12900502,5.6378126
1577219570,-27.69071936,-51.12895278,5.559804
1577219571,-27.69070494,-51.1289058,4.7724476
1577219572,-27.69069542,-51.12887641,2.864208
1577219573,-27.69069026,-51.12885865,1.6783116
1577219574,-27.69068523,-51.1288457,1.3226084
1577219575,-27.69068043,-51.12882895,1.5806859
1577219576,-27.69067137,-51.12880552,2.2590377
1577219577,-27.69066093,-51.12877545,2.8776538
1577219578,-27.69064867,-51.12874215,3.436025
1577219579,-27.69063486,-51.12870669,3.7359762
1577219580,-27.69062029,-51.12866854,4.037202
1577219581,-27.69060465,-51.12862259,4.7375927
1577219582,-27.69059018,-51.12857118,5.267265
1577219583,-27.69057495,-51.12851561,5.722253
1577219584,-27.69055979,-51.12846547,5.2757263
1577219585,-27.69054206,-51.12841589,5.2100463
1577219591,-27.69041461,-51.12804551,6.971216
1577219592,-27.69039197,-51.12797863,7.0057178
1577219593,-27.69036806,-51.12791556,6.81206
1577219594,-27.69034598,-51.12785926,6.1214347
1577219595,-27.69032649,-51.12780234,5.98688
1577219596,-27.69030919,-51.12774537,5.9548664
1577219597,-27.69029254,-51.12768586,6.2605495
1577219598,-27.6902743,-51.12762275,6.5661964
1577219599,-27.69025626,-51.12756024,6.504758
1577219600,-27.69023984,-51.1275023,6.027662
1577219601,-27.69022534,-51.12745085,5.3507566
1577219602,-27.69021026,-51.12740335,4.985667
1577219603,-27.69019141,-51.12736397,4.398064
1577219604,-27.69016763,-51.1273347,3.9156532
1577219605,-27.69013586,-51.12731813,3.8799639
1577219606,-27.69010097,-51.12730308,4.144481
1577219607,-27.69006147,-51.127328,4.749297
1577219608,-27.69002841,-51.12736931,5.3305426
1577219609,-27.68999703,-51.12741545,5.6422906
1577219610,-27.68996337,-51.12746286,5.9068413
1577219611,-27.68992523,-51.12750966,6.1206555
1577219612,-27.68988533,-51.12755785,6.3756757
1577219613,-27.68984112,-51.12760944,6.721098
1577219614,-27.68979037,-51.12765164,6.5679107
1577219615,-27.68973911,-51.12768927,6.46892
1577219616,-27.68968475,-51.12771922,6.5401073
1577219617,-27.68962953,-51.12774803,6.7919507
1577219618,-27.68956883,-51.12777478,7.0373883
1577219619,-27.68950699,-51.12780397,7.20925
1577219620,-27.68944905,-51.12783184,6.8701634
1577219621,-27.68939407,-51.12785426,6.433614
1577219622,-27.68934065,-51.127877,5.700705
1577219623,-27.6892974,-51.12789277,4.9268594
1577219624,-27.68926828,-51.12790499,3.350727
1577219625,-27.68924887,-51.12791365,2.4046617
1577219626,-27.68922979,-51.12792368,2.3260925
1577219627,-27.68920331,-51.12793495,3.125273
1577219628,-27.68916709,-51.12795066,4.3531704
1577219629,-27.68912666,-51.12796637,4.74085
1577219630,-27.68908253,-51.1279852,5.323511
1577219631,-27.68903198,-51.12800615,5.841589
1577219632,-27.68897653,-51.12803022,6.539442
1577219633,-27.68891752,-51.12805862,7.0813847
1577219634,-27.68885795,-51.12808834,7.1541653
1577219635,-27.68879731,-51.12811989,7.3574214
1577219636,-27.68873547,-51.12815263,7.5524096
1577219637,-27.68867543,-51.12818989,7.5743175
1577219638,-27.68862078,-51.12822967,7.2252607
1577219639,-27.68856445,-51.12826294,6.996928
1577219640,-27.68850463,-51.12829426,7.2415323
1577219641,-27.68844228,-51.12832803,7.5935163
1577219642,-27.68837868,-51.12836125,7.7091813
1577219643,-27.68831482,-51.12839427,7.776797
1577219644,-27.68825157,-51.12842875,7.8227654
1577219645,-27.68818906,-51.12846561,7.847318
1577219646,-27.6881288,-51.12850415,7.6816063
1577219647,-27.68806865,-51.12854275,7.658585
1577219648,-27.68800798,-51.12858087,7.68452
1577219649,-27.68794846,-51.12862329,7.7011466
1577219650,-27.68788854,-51.12866335,7.640269
1577219651,-27.68782605,-51.12870189,7.749636
1577219652,-27.68776363,-51.12873878,7.78559
1577219653,-27.68770345,-51.12877323,7.3991356
1577219654,-27.68764806,-51.12880248,6.7652197
1577219655,-27.68759343,-51.12883068,6.4436946
1577219656,-27.68753996,-51.1288657,6.9255853
1577219657,-27.68748802,-51.12890201,6.976766
1577219658,-27.68743423,-51.12893825,7.2778177
1577219659,-27.68737892,-51.12897335,7.224838
1577219660,-27.68732341,-51.12901127,7.2144375
1577219661,-27.68726871,-51.12904656,6.9202952
1577219662,-27.68721729,-51.12907999,6.515482
1577219663,-27.68717198,-51.12911067,5.931361
1577219664,-27.68713266,-51.12913419,4.8589044
1577219665,-27.6871031,-51.12915259,3.6873457
1577219666,-27.68707605,-51.12917093,3.563947
1577219667,-27.68704685,-51.12919261,3.9439452
1577219668,-27.687011,-51.12921822,4.9382944
1577219669,-27.6869713,-51.12925065,5.282435
1577219670,-27.68692774,-51.12927746,5.6778884
1577219671,-27.6868762,-51.12929982,6.0554733
1577219672,-27.686824,-51.12931958,6.2113824
1577219673,-27.68677156,-51.12934458,6.4516706
1577219674,-27.68671668,-51.12937741,6.7912955
1577219675,-27.68666282,-51.12941089,6.827432
1577219676,-27.68660704,-51.12944195,6.868465
1577219677,-27.68655025,-51.12947247,6.959493
1577219678,-27.68649245,-51.12950339,7.0801396
1577219679,-27.68643381,-51.12953412,7.1016474
1577219680,-27.68637501,-51.12956194,7.0812874
1577219681,-27.68631287,-51.12958443,7.2510276
1577219682,-27.68624813,-51.12960499,7.3254924
1577219683,-27.68618352,-51.12962298,7.3612423
1577219684,-27.68611757,-51.12964057,7.5011406
1577219685,-27.68605216,-51.12965898,7.4808097
1577219686,-27.68598657,-51.12967709,7.4972
1577219687,-27.68592201,-51.12969395,7.3677235
1577219688,-27.68586121,-51.12971096,7.0364823
1577219689,-27.68580288,-51.1297263,6.622751
1577219690,-27.68574645,-51.12974245,6.5670877
1577219691,-27.68569383,-51.12975303,6.0814004
1577219692,-27.68564636,-51.12975671,5.395749
1577219693,-27.68560844,-51.12975906,4.166407
1577219694,-27.68557613,-51.12976368,3.447921
1577219695,-27.68555878,-51.12976896,1.9800755
1577219696,-27.68555095,-51.12977024,0.833833
1577219697,-27.6855445,-51.12977181,0.66832066
1577219698,-27.68553521,-51.12977504,1.0197101
1577219699,-27.68551754,-51.12978113,2.0226698
1577219700,-27.68549418,-51.12978893,2.6530669
1577219701,-27.68546514,-51.12980017,3.388139
1577219702,-27.68543362,-51.12981436,3.3788555
1577219703,-27.6854058,-51.12982419,3.2176976
1577219704,-27.68537482,-51.12983234,3.4365427
1577219705,-27.68534188,-51.12984526,4.032982
1577219706,-27.68530554,-51.12986386,4.4201627
1577219707,-27.68526366,-51.12988448,5.0335083
1577219708,-27.68521702,-51.12990502,5.2116632
1577219709,-27.68517253,-51.12991812,4.9037547
1577219710,-27.68513113,-51.12992896,4.6987557
1577219711,-27.68510071,-51.12993972,3.4984493
1577219712,-27.68507433,-51.1299489,3.1030838
1577219713,-27.68504483,-51.12996133,3.4367614
1577219714,-27.68501377,-51.12997341,3.6358647
1577219715,-27.6849781,-51.12998512,4.1272173
1577219716,-27.68493739,-51.13000007,4.7360244
1577219717,-27.68489137,-51.13001711,5.3035636
1577219718,-27.68483948,-51.13003512,5.965447
1577219719,-27.68478091,-51.13004876,6.5995493
1577219720,-27.68472007,-51.13006173,6.900723
1577219721,-27.68465836,-51.13008295,7.1927876
1577219722,-27.6845954,-51.13010703,7.3886404
1577219723,-27.68453167,-51.13013087,7.415333
1577219724,-27.68446874,-51.13015248,7.3396277
1577219725,-27.68440625,-51.13017395,7.2556233
1577219726,-27.6843447,-51.13019603,7.163121
1577219727,-27.68428449,-51.13021868,7.0845733
1577219728,-27.68422336,-51.13024153,7.1258154
1577219729,-27.68416074,-51.13026615,7.323677
1577219730,-27.68409666,-51.13029174,7.533592
1577219731,-27.68403288,-51.13031738,7.502207
1577219732,-27.68396773,-51.13034289,7.6501193
1577219733,-27.68390221,-51.13036785,7.6896024
1577219734,-27.68383611,-51.13039328,7.7521663
1577219735,-27.68377207,-51.13041779,7.5251412
1577219736,-27.6837154,-51.13043898,6.6137757
1577219737,-27.68366832,-51.1304557,5.4640727
1577219738,-27.68363006,-51.1304679,4.370785
1577219739,-27.68360123,-51.13047238,3.2068202
1577219740,-27.68357326,-51.13046672,3.1546674
1577219741,-27.68354472,-51.13044722,3.6968088
1577219742,-27.6835214,-51.13041574,4.01629
1577219743,-27.68350586,-51.13037247,4.5088873
1577219744,-27.68349348,-51.13032504,4.768769
1577219745,-27.68348245,-51.13028139,4.370251
1577219746,-27.68346762,-51.13023446,4.8866496
1577219747,-27.68344853,-51.13018316,5.388349
1577219748,-27.68342997,-51.13013026,5.544069
1577219749,-27.68341437,-51.13007238,5.9285903
1577219750,-27.68339929,-51.13000728,6.602183
1577219751,-27.68338277,-51.12994101,6.762033
1577219752,-27.68336696,-51.12987659,6.5004053
1577219753,-27.68335048,-51.12981881,5.9443965
1577219754,-27.68333393,-51.12976694,5.409785
1577219755,-27.68332092,-51.12972351,4.4696403
1577219756,-27.68331273,-51.12969089,3.3268561
1577219757,-27.68330612,-51.12965745,3.3617399
1577219758,-27.68329819,-51.1296213,3.6662366
1577219759,-27.68328788,-51.12958161,4.0648394
1577219760,-27.68327427,-51.1295362,4.685435
1577219761,-27.68325998,-51.12948313,6.0240026
1577219762,-27.68323797,-51.12942213,6.469335
1577219763,-27.68321415,-51.12935481,6.895094
1577219764,-27.68318942,-51.12928588,7.106318
1577219765,-27.68316274,-51.12921516,7.35033
1577219766,-27.68313483,-51.12914201,7.7943764
1577219767,-27.68310403,-51.12906531,8.277835
1577219768,-27.68307244,-51.12898347,8.695434
1577219769,-27.68304126,-51.12889989,8.64043
1577219770,-27.68300787,-51.12882506,8.290795
1577219771,-27.6829722,-51.12874904,8.332176
1577219772,-27.68293543,-51.12867144,8.540001
1577219773,-27.68289744,-51.12859236,8.799748
1577219774,-27.68285731,-51.12851278,8.986185
1577219775,-27.68281324,-51.12843933,8.938711
1577219776,-27.68276294,-51.12836745,8.94657
1577219777,-27.68270815,-51.12829935,9.075912
1577219778,-27.68264819,-51.12823328,9.267166
1577219779,-27.68258361,-51.1281706,9.446098
1577219780,-27.68251594,-51.12811028,9.493194
1577219781,-27.68245258,-51.12804881,9.280373
1577219782,-27.68239591,-51.12798589,8.979399
1577219783,-27.68234423,-51.12791878,8.779332
1577219784,-27.6822962,-51.12785071,8.594884
1577219785,-27.68225076,-51.12778336,8.399112
1577219786,-27.68220643,-51.12771474,8.386001
1577219787,-27.68216641,-51.12764139,8.473581
1577219788,-27.68212974,-51.12756438,8.636566
1577219789,-27.68209291,-51.12748602,8.71483
1577219790,-27.68205523,-51.12740796,8.722338
1577219791,-27.68201341,-51.12733175,8.808333
1577219792,-27.68197006,-51.127258,8.706644
1577219793,-27.68193108,-51.12718727,8.267843
1577219794,-27.68189586,-51.12712027,7.6625667
1577219795,-27.68186642,-51.12705825,6.8859076
1577219796,-27.68184139,-51.12700262,6.110391
1577219797,-27.68182623,-51.12695554,4.91283
1577219798,-27.68182014,-51.12691594,3.995817
1577219799,-27.68182158,-51.12687843,3.6706128
1577219800,-27.68183108,-51.12684513,3.4522963
1577219801,-27.68184888,-51.12681588,3.4981964
1577219802,-27.68187391,-51.12679248,3.6290426
1577219803,-27.68190271,-51.12676861,4.069834
1577219804,-27.68193599,-51.126748,4.069632
1577219805,-27.68196648,-51.12672881,4.1838036
1577219806,-27.68199699,-51.12670758,4.2032833
1577219807,-27.68203027,-51.12668555,4.4366975
1577219808,-27.6820638,-51.12666222,4.596402
1577219809,-27.68209943,-51.12663532,4.857461
1577219810,-27.68213698,-51.12660811,4.9842753
1577219811,-27.68217546,-51.12658205,5.079866
1577219812,-27.68221762,-51.12655528,5.296016
1577219813,-27.68225942,-51.12653041,5.2610435
1577219814,-27.68230322,-51.12650669,5.2887287
1577219815,-27.68234702,-51.12648321,5.31698
1577219816,-27.68239069,-51.12646143,5.3285537
1577219817,-27.68243502,-51.12643863,5.4025693
1577219818,-27.68248082,-51.12641532,5.5801783
1577219819,-27.68252829,-51.12639047,5.9282846
1577219820,-27.68257758,-51.1263636,6.069393
1577219821,-27.68262623,-51.12633689,6.0593147
1577219822,-27.68267599,-51.12630905,6.176692
1577219823,-27.68272673,-51.12627997,6.32748
1577219824,-27.68277726,-51.12625003,6.342416
1577219825,-27.68282677,-51.12622015,6.2373376
1577219826,-27.68287574,-51.12619028,6.172704
1577219827,-27.68292518,-51.12615999,6.278044
1577219828,-27.68297698,-51.12612905,6.504038
1577219829,-27.68302826,-51.12609694,6.4897413
1577219830,-27.68307782,-51.12606223,6.498024
1577219831,-27.68312679,-51.12602378,6.6500354
1577219832,-27.68317379,-51.12598335,6.533965
1577219833,-27.68321846,-51.12594233,6.3771615
1577219834,-27.68326221,-51.12590079,6.2852807
1577219835,-27.68330532,-51.12585836,6.3482413
1577219836,-27.68334848,-51.12581403,6.4705825
1577219837,-27.68339187,-51.12576868,6.586196
1577219838,-27.68343449,-51.12572202,6.586765
1577219839,-27.68347683,-51.12567667,6.5052047
1577219840,-27.68352074,-51.12563423,6.3965454
1577219841,-27.68356578,-51.12559725,6.2427993
1577219842,-27.68361029,-51.12556542,5.8644304
1577219843,-27.68365504,-51.12554082,5.5244474
1577219844,-27.68369685,-51.12551858,5.1321254
1577219845,-27.68373746,-51.12549615,4.6374784
1577219846,-27.68377114,-51.12547152,4.5168605
1577219847,-27.68380574,-51.12544479,4.7552814
1577219848,-27.68384236,-51.12541411,4.8922706
1577219849,-27.68388,-51.12538356,5.084659
1577219850,-27.68391826,-51.12535241,5.234238
1577219851,-27.68395657,-51.1253226,5.1701536
1577219852,-27.6839974,-51.12529827,5.12673
1577219853,-27.68403831,-51.12527743,5.021063
1577219854,-27.684073,-51.12526108,4.190505
1577219855,-27.68410514,-51.12524325,3.8546364
1577219856,-27.68413788,-51.12522243,4.128439
1577219857,-27.68417197,-51.12520058,4.344457
1577219858,-27.68420565,-51.12517684,4.43329
1577219859,-27.68423605,-51.1251539,4.4615626
1577219860,-27.68427321,-51.12512572,4.5639415
1577219861,-27.68430952,-51.12509731,4.7244897
1577219862,-27.68434656,-51.12507207,4.711493
1577219863,-27.68437912,-51.12504974,4.356332
1577219864,-27.68441118,-51.12502559,4.331168
1577219865,-27.6844458,-51.12499835,4.5864677
1577219866,-27.6844815,-51.12496743,5.005287
1577219867,-27.68451737,-51.12493374,5.271808
1577219868,-27.68455181,-51.12489726,5.2810845
1577219869,-27.68458869,-51.12485864,5.46712
1577219870,-27.68462456,-51.1248182,5.6087847
1577219871,-27.68466174,-51.1247776,5.731317
1577219872,-27.6846997,-51.12473438,6.0887914
1577219873,-27.68474145,-51.12468806,6.4496922
1577219874,-27.68478339,-51.12464088,6.5931606
1577219875,-27.68482498,-51.1245955,6.485387
1577219876,-27.68486526,-51.12455075,6.345905
1577219877,-27.68489944,-51.12451221,5.3569913
1577219878,-27.68492693,-51.12448093,4.37506
1577219879,-27.68495007,-51.12445582,3.5081632
1577219880,-27.68496434,-51.12444112,2.18544
1577219881,-27.68497259,-51.12443341,1.2496246
1577219882,-27.68497717,-51.12442896,0.64615333
1577219883,-27.68497935,-51.12442664,0.3591736
1577219884,-27.68498617,-51.12441982,0.9988039
1577219885,-27.68499901,-51.12440574,1.9491273
1577219886,-27.68501601,-51.12438779,2.5973837
1577219887,-27.68503494,-51.12437114,2.598282
1577219888,-27.68505808,-51.12436187,2.7117126
1577219889,-27.68508343,-51.12436449,2.8714101
1577219890,-27.68510627,-51.12437291,2.6584718
1577219891,-27.68512673,-51.12438802,2.7112477
1577219892,-27.68514883,-51.12440931,3.2166798
1577219893,-27.68517655,-51.1244377,4.12352
1577219894,-27.68520623,-51.1244701,4.592922
1577219895,-27.68523925,-51.12450788,5.2287974
1577219896,-27.68527685,-51.12455177,5.985607
1577219897,-27.68531697,-51.1245985,6.3992276
1577219898,-27.6853588,-51.12464619,6.587071
1577219899,-27.68539612,-51.12469145,6.085008
1577219900,-27.68542563,-51.1247257,4.701348
1577219901,-27.68545059,-51.1247558,4.063622
1577219902,-27.68547686,-51.12478759,4.2812037
1577219903,-27.68550749,-51.1248257,5.083537
1577219904,-27.68554313,-51.12487032,5.9375196
1577219905,-27.68558422,-51.12492193,6.819766
1577219906,-27.68563059,-51.12497957,7.6532927
1577219907,-27.68567801,-51.1250421,8.115873
1577219908,-27.68572238,-51.12510216,7.693281
1577219909,-27.68575981,-51.12515421,6.5796127
1577219910,-27.685789,-51.12519575,5.2126284
1577219911,-27.68580684,-51.12521949,3.0386267
1577219912,-27.68581526,-51.12523031,1.4016067
1577219913,-27.68582041,-51.12523767,0.9149913
1577219914,-27.68582606,-51.1252453,0.97377425
1577219915,-27.68583126,-51.12525269,0.92525107
1577219916,-27.68584316,-51.12526728,1.9565347
1577219917,-27.68586507,-51.12528479,2.9628913
1577219918,-27.68590122,-51.12529844,4.2422338
1577219919,-27.68594328,-51.12530001,4.6424847
1577219920,-27.68598733,-51.12529169,4.960363
1577219921,-27.68603752,-51.12527495,5.8073735
1577219922,-27.68609185,-51.12525293,6.4250474
1577219923,-27.68615188,-51.12522818,7.2585106
1577219924,-27.68621572,-51.12520409,7.5468793
1577219925,-27.68628799,-51.1251783,8.136993
1577219926,-27.68636231,-51.12515061,8.859287
1577219927,-27.68643748,-51.12512504,8.603775
1577219928,-27.68650947,-51.12510044,8.268064
1577219929,-27.68658083,-51.12507608,8.263566
1577219930,-27.68664974,-51.12505076,8.035125
1577219931,-27.68671603,-51.1250249,7.7745004
1577219932,-27.68678082,-51.12500033,7.5075912
1577219933,-27.68684351,-51.12497899,7.2617145
1577219934,-27.68690759,-51.12495449,7.3704686
1577219935,-27.68697103,-51.1249285,7.4961696
1577219936,-27.68703109,-51.12489381,7.424069
1577219937,-27.68708275,-51.12484648,7.342692
1577219938,-27.68712611,-51.12478758,7.5547934
1577219939,-27.68715939,-51.12471625,7.887163
1577219940,-27.68718252,-51.12463504,8.345705
1577219941,-27.68719614,-51.12454725,8.76183
1577219942,-27.68720229,-51.12445521,9.061766
1577219943,-27.68720016,-51.12436211,9.154294
1577219944,-27.68719199,-51.12426262,9.773511
1577219945,-27.68717956,-51.12415877,10.30637
1577219946,-27.68716591,-51.12405297,10.493125
1577219947,-27.68715367,-51.12394915,10.312511
1577219948,-27.68714073,-51.12385069,9.784453
1577219949,-27.68712768,-51.1237577,9.241221
1577219950,-27.68711534,-51.12366783,8.919467
1577219951,-27.68710238,-51.12358094,8.640318
1577219952,-27.68708902,-51.12349467,8.623466
1577219953,-27.68707579,-51.12340715,8.747443
1577219954,-27.68706375,-51.12331752,8.920105
1577219955,-27.68705369,-51.12322613,9.068219
1577219956,-27.68704701,-51.12313303,9.188036
1577219957,-27.68704818,-51.12303935,9.214352
1577219958,-27.68706066,-51.12294568,9.307186
1577219959,-27.68707411,-51.12284949,9.400344
1577219960,-27.68710931,-51.12276016,9.373545
1577219961,-27.68715253,-51.12267625,9.509132
1577219962,-27.68720187,-51.12259913,9.599422
1577219963,-27.68725335,-51.12251886,9.654871
1577219964,-27.68730577,-51.12244169,9.5775585
1577219965,-27.68735701,-51.12236571,9.433174
1577219966,-27.68740857,-51.12229196,9.283087
1577219967,-27.68746101,-51.12222174,9.189799
1577219968,-27.68751432,-51.12215061,9.19433
1577219969,-27.6875677,-51.12207758,9.355085
1577219970,-27.6876232,-51.12200329,9.624223
1577219971,-27.68767899,-51.12192506,9.931953
1577219972,-27.68773738,-51.12184422,10.330312
1577219973,-27.68779804,-51.1217606,10.691627
1577219974,-27.68785995,-51.12167535,10.729087
1577219975,-27.68792088,-51.12158779,10.875206
1577219976,-27.68798213,-51.1215032,10.873204
1577219977,-27.6880459,-51.12142014,10.86535
1577219978,-27.68810959,-51.12133631,10.942014
1577219979,-27.68817185,-51.12124907,11.090414
1577219980,-27.68823424,-51.12115507,11.520483
1577219981,-27.68829879,-51.12105682,12.063
1577219982,-27.68836459,-51.120953,12.54512
1577219983,-27.68842543,-51.12084812,12.297693
1577219984,-27.68847986,-51.12074426,11.952635
1577219985,-27.68853156,-51.12063874,11.81
1577219986,-27.6885802,-51.12053435,11.55656
1577219987,-27.6886231,-51.12043324,10.8961735
1577219988,-27.68866002,-51.12033866,10.094619
1577219989,-27.68868935,-51.12025234,8.986725
1577219990,-27.68870927,-51.12018085,7.383751
1577219991,-27.68872274,-51.12012546,5.521481
1577219992,-27.68873422,-51.12008219,4.388879
1577219993,-27.68874675,-51.1200365,4.7031236
1577219994,-27.68876427,-51.11998072,5.7648406
1577219995,-27.68878489,-51.11991334,6.9962406
1577219996,-27.68880859,-51.11983065,8.524487
1577219997,-27.68883237,-51.11973072,10.1600685
1577219998,-27.68885389,-51.11961647,11.46497
1577219999,-27.68886938,-51.11950417,11.184694
1577220000,-27.68887975,-51.11938808,11.484978
1577220001,-27.68888665,-51.11926452,12.191762
1577220002,-27.68889211,-51.11913307,12.984528
1577220003,-27.68889539,-51.11899308,13.79789
1577220004,-27.68889854,-51.11884348,14.745879
1577220005,-27.68890125,-51.11868461,15.645042
1577220006,-27.68890259,-51.11851686,16.51928
1577220007,-27.68890348,-51.11834934,16.504799
1577220008,-27.68890385,-51.1181822,16.48325
1577220009,-27.68890444,-51.11801107,16.890795
1577220010,-27.68890619,-51.11783463,17.34015
1577220011,-27.68890906,-51.11765785,17.987911
1577220012,-27.68891016,-51.11747394,18.230185
1577220013,-27.68891177,-51.11728378,18.734901
1577220014,-27.68891134,-51.11709521,18.596716
1577220015,-27.68891433,-51.11691254,18.089725
1577220016,-27.68891828,-51.11673226,17.764961
1577220017,-27.688928,-51.11655354,17.677797
1577220018,-27.68894868,-51.11637229,17.854847
1577220019,-27.68898498,-51.11619616,18.01839
1577220020,-27.68903628,-51.11602161,18.115513
1577220021,-27.68909985,-51.11584762,18.3663
1577220022,-27.68917437,-51.11567844,18.563456
1577220023,-27.6892589,-51.11551377,18.79668
1577220024,-27.68935063,-51.11535133,19.0246
1577220025,-27.68944949,-51.11519218,19.11731
1577220026,-27.68955742,-51.1150389,19.363564
1577220027,-27.68966127,-51.11488258,19.831724
1577220028,-27.68975904,-51.11471718,19.794926
1577220029,-27.68986591,-51.11455235,20.01057
1577220030,-27.68997463,-51.11438779,20.195168
1577220031,-27.69007957,-51.11422661,19.769508
1577220032,-27.6901858,-51.11406425,19.528854
1577220033,-27.69028486,-51.11390852,18.977165
1577220034,-27.6903826,-51.11376041,18.515162
1577220035,-27.6904804,-51.1136105,18.450321
1577220036,-27.69057843,-51.11346104,18.537495
1577220037,-27.69068111,-51.11331099,18.58691
1577220038,-27.69078952,-51.11316418,18.663578
1577220039,-27.69090383,-51.11302517,18.643486
1577220040,-27.69102543,-51.11289632,18.62533
1577220041,-27.69115528,-51.11277638,18.540514
1577220042,-27.69129095,-51.11266624,18.468567
1577220043,-27.69143197,-51.11256842,18.35831
1577220044,-27.69157719,-51.11248179,18.296354
1577220045,-27.69172665,-51.11240599,18.257463
1577220046,-27.69188067,-51.11234101,18.21357
1577220047,-27.69203682,-51.11228426,18.167152
1577220048,-27.69219462,-51.11223205,18.19327
1577220049,-27.6923525,-51.11218154,18.197498
1577220050,-27.69251003,-51.11212996,18.215952
1577220051,-27.69266873,-51.11207876,18.269148
1577220052,-27.69282861,-51.11202721,18.334223
1577220053,-27.69298857,-51.11197494,18.44129
1577220054,-27.6931499,-51.11192287,18.58039
1577220055,-27.69331153,-51.1118714,18.669765
1577220056,-27.69347225,-51.11182075,18.552122
1577220057,-27.69363224,-51.11176929,18.456003
1577220058,-27.69379226,-51.11171707,18.4977
1577220059,-27.69395257,-51.11166412,18.499
1577220060,-27.69411189,-51.11161357,18.396893
1577220061,-27.69427251,-51.11156787,18.406956
1577220062,-27.69443571,-51.11152436,18.614965
1577220063,-27.69460122,-51.11147982,18.884361
1577220064,-27.69476973,-51.11143125,19.347012
1577220065,-27.69494168,-51.11137847,19.768436
1577220066,-27.69511555,-51.11132108,20.12852
1577220067,-27.69529201,-51.11126126,20.464397
1577220068,-27.69546976,-51.11120111,20.607216
1577220069,-27.69564809,-51.11114201,20.640558
1577220070,-27.6958272,-51.11108691,20.580477
1577220071,-27.6960069,-51.11103998,20.469341
1577220072,-27.6961881,-51.11100547,20.35694
1577220073,-27.69636998,-51.11098449,20.262768
1577220074,-27.69655216,-51.11097796,20.227839
1577220075,-27.69673412,-51.11098472,20.199038
1577220076,-27.69691532,-51.111003,20.175163
1577220077,-27.69709519,-51.11103044,20.15117
1577220078,-27.6972745,-51.11106541,20.151712
1577220079,-27.69745233,-51.11110671,20.108269
1577220080,-27.69763051,-51.11115055,20.221674
1577220081,-27.69780938,-51.11119382,20.300404
1577220082,-27.69798867,-51.11123603,20.312233
1577220083,-27.6981677,-51.11127804,20.301928
1577220084,-27.69834663,-51.11131752,20.214666
1577220085,-27.69852605,-51.11135287,20.195816
1577220086,-27.69870708,-51.11137884,20.265015
1577220087,-27.69889001,-51.11139338,20.36867
1577220088,-27.69907481,-51.1113958,20.525093
1577220089,-27.69926159,-51.11138579,20.743948
1577220090,-27.69944899,-51.11136114,20.955753
1577220091,-27.69963713,-51.11132305,21.230696
1577220092,-27.69982423,-51.11127102,21.38569
1577220093,-27.70000755,-51.11120595,21.339312
1577220094,-27.70018703,-51.11112685,21.407734
1577220095,-27.70036368,-51.11103369,21.661287
1577220096,-27.70053627,-51.11092616,21.919683
1577220097,-27.70071504,-51.1108157,22.037258
1577220098,-27.70087543,-51.11067764,22.07393
1577220099,-27.70102708,-51.11052777,22.309614
1577220100,-27.70117557,-51.11037248,22.408192
1577220101,-27.70132192,-51.11021568,22.49176
1577220102,-27.70147483,-51.11006271,22.607576
1577220103,-27.70163247,-51.10991531,22.787033
1577220104,-27.70179809,-51.10978167,22.725294
1577220105,-27.70197078,-51.10966005,22.668978
1577220106,-27.70215278,-51.10955402,22.75598
1577220107,-27.70234114,-51.10946494,22.807272
1577220108,-27.70253705,-51.10939148,22.874872
1577220109,-27.70273716,-51.10933703,22.915672
1577220110,-27.70294084,-51.10929966,22.927267
1577220111,-27.70314738,-51.1092798,23.01093
1577220112,-27.70336187,-51.10926071,23.087793
1577220113,-27.70357259,-51.10927548,23.397438
1577220114,-27.7037817,-51.10930938,23.3766
1577220115,-27.70398871,-51.10935474,23.264057
1577220116,-27.7041957,-51.1093956,23.1093
1577220117,-27.70440376,-51.10942171,23.025545
1577220118,-27.7046096,-51.10942946,22.827002
1577220119,-27.70481517,-51.10941598,22.762148
1577220120,-27.70501885,-51.10937867,22.763952
1577220121,-27.70522012,-51.10932284,22.89445
1577220122,-27.7054211,-51.10926072,23.007652
1577220123,-27.70562259,-51.10919916,23.153276
1577220124,-27.70582547,-51.10913617,23.318298
1577220125,-27.70602948,-51.10907344,23.426044
1577220126,-27.70623313,-51.10900787,23.485989
1577220127,-27.70643453,-51.10894385,23.274418
1577220128,-27.70663498,-51.10888194,23.07025
1577220129,-27.70683302,-51.10882121,22.872128
1577220130,-27.70703016,-51.10876272,22.69502
1577220131,-27.70722522,-51.10870398,22.449423
1577220132,-27.70741833,-51.10864739,22.17511
1577220133,-27.70761139,-51.10859838,21.938911
1577220134,-27.70780511,-51.10856356,21.669834
1577220135,-27.70799718,-51.10854176,21.417723
1577220136,-27.70818793,-51.10852636,21.17203
1577220137,-27.7083762,-51.10851346,20.939999
1577220138,-27.7085629,-51.10850043,20.750017
1577220139,-27.70874818,-51.1084826,20.585623
1577220140,-27.70893129,-51.10845555,20.463223
1577220141,-27.70911854,-51.10843029,20.340136
1577220142,-27.70929518,-51.1083816,20.304201
1577220143,-27.70946975,-51.10832002,20.315624
1577220144,-27.70964005,-51.10824677,20.364082
1577220145,-27.70980833,-51.10816258,20.45074
1577220146,-27.7099724,-51.10806531,20.586859
1577220147,-27.71013017,-51.10795556,20.783224
1577220148,-27.71028456,-51.107835,20.986471
1577220149,-27.71043536,-51.10770131,21.227974
1577220150,-27.71058181,-51.1075558,21.575981
1577220151,-27.7107217,-51.10739906,21.658043
1577220152,-27.71085501,-51.10723551,21.876057
1577220153,-27.71098163,-51.10706366,21.947123
1577220154,-27.7111023,-51.10688671,22.042473
1577220155,-27.71122233,-51.10670849,22.077085
1577220156,-27.7113419,-51.10652951,22.136148
1577220157,-27.71146267,-51.10634909,22.238026
1577220158,-27.71158445,-51.10616808,22.363113
1577220159,-27.71170611,-51.10598509,22.487272
1577220160,-27.71182827,-51.10580154,22.666166
1577220161,-27.71195155,-51.10561576,22.829176
1577220162,-27.71207687,-51.10542981,22.999283
1577220163,-27.71220228,-51.10524288,23.129992
1577220164,-27.71232806,-51.10505494,23.222864
1577220165,-27.712455,-51.10486645,23.27701
1577220166,-27.71258109,-51.1046763,23.371109
1577220167,-27.71270852,-51.10448608,23.453527
1577220168,-27.71283657,-51.10429494,23.51231
1577220169,-27.71296491,-51.1041036,23.584063
1577220170,-27.71309228,-51.1039131,23.506218
1577220171,-27.71321871,-51.10372551,23.222988
1577220172,-27.71334481,-51.1035412,22.958447
1577220173,-27.71347127,-51.10336302,22.428839
1577220174,-27.7136042,-51.1031907,22.48826
1577220175,-27.71373945,-51.10302224,22.334206
1577220176,-27.71387758,-51.10285829,22.230091
1577220177,-27.71402028,-51.10269918,22.25953
1577220178,-27.71416858,-51.10254661,22.294222
1577220179,-27.71431949,-51.10239893,22.290497
1577220180,-27.71447513,-51.10225422,22.24722
1577220181,-27.71463355,-51.10211481,22.215254
1577220182,-27.71479392,-51.10197818,22.258076
1577220183,-27.71495347,-51.10183927,22.318398
1577220184,-27.7151111,-51.10169865,22.364107
1577220185,-27.71526996,-51.10155719,22.435352
1577220186,-27.71542869,-51.10141495,22.53438
1577220187,-27.7155878,-51.10127302,22.637045
1577220188,-27.71575012,-51.10112944,22.73795
1577220189,-27.7159122,-51.10098485,22.800049
1577220190,-27.71607132,-51.10084297,22.625706
1577220191,-27.71622624,-51.10069819,22.327602
1577220192,-27.71637762,-51.10055236,22.037193
1577220193,-27.71652464,-51.10040714,21.666058
1577220194,-27.71666487,-51.10026307,20.997574
1577220195,-27.71679855,-51.10012271,20.236794
1577220196,-27.71692433,-51.0999841,19.43991
1577220197,-27.717042,-51.09985191,18.429346
1577220198,-27.7171527,-51.09973029,17.074007
1577220199,-27.71725552,-51.09962103,15.599665
1577220200,-27.71735087,-51.09951988,14.412764
1577220201,-27.71743644,-51.09942685,13.159952
1577220202,-27.71751177,-51.09934389,11.706192
1577220203,-27.71757775,-51.09927054,10.3358345
1577220204,-27.7176353,-51.09920493,9.135824
1577220205,-27.71768529,-51.0991497,7.7075872
1577220206,-27.71772539,-51.09912275,4.1277447
1577220207,-27.71775189,-51.09910938,3.0409293
1577220208,-27.71776069,-51.09910057,1.1590776
1577220209,-27.71776919,-51.09909093,0.93910646
1577220210,-27.71777625,-51.09908465,0.75271785
1577220211,-27.71777934,-51.09907675,0.5828026
1577220212,-27.71778006,-51.09907154,0.3590018
1577220213,-27.71778058,-51.09906831,0.40457356
1577220214,-27.71777801,-51.09907038,0.066932395
1577220215,-27.71777794,-51.0990686,0.017390989
1577220216,-27.71777285,-51.09907175,0.03359242
1577220217,-27.71777338,-51.09907795,0.7619825
1577220218,-27.71777698,-51.09907281,0.054152742
1577220219,-27.71777652,-51.0990698,0.005715153
